{
    "accuracy": 0.5382298424467099,
    "error_rate": 0.4617701575532901,
    "per_class_metrics": {
        "negative": {
            "precision": 0.7385210246495891,
            "recall": 0.4134199134199134,
            "f1": 0.5300954032957502,
            "support": 3696,
            "error_rate": 0.5865800865800865
        },
        "neutral": {
            "precision": 0.45311898344243356,
            "recall": 0.7599289635130771,
            "f1": 0.5677240381136172,
            "support": 6194,
            "error_rate": 0.24007103648692282
        },
        "positive": {
            "precision": 0.6367423453447199,
            "recall": 0.4145646867371847,
            "f1": 0.50217659137577,
            "support": 7374,
            "error_rate": 0.5854353132628153
        }
    },
    "macro_metrics": {
        "precision": 0.4570955883591856,
        "recall": 0.39697839091754383,
        "f1": 0.3999990081962843
    },
    "micro_metrics": {
        "precision": 0.5382298424467099,
        "recall": 0.5382298424467099,
        "f1": 0.5382298424467099
    },
    "confusion_matrix": [
        [
            1528,
            1650,
            515,
            3
        ],
        [
            257,
            4707,
            1229,
            1
        ],
        [
            284,
            4031,
            3057,
            2
        ],
        [
            0,
            0,
            0,
            0
        ]
    ]
}