{
    "accuracy": 0.5261816496756255,
    "error_rate": 0.47381835032437447,
    "per_class_metrics": {
        "negative": {
            "precision": 0.7593401261523532,
            "recall": 0.42343073593073594,
            "f1": 0.5436859475421226,
            "support": 3696,
            "error_rate": 0.5765692640692641
        },
        "neutral": {
            "precision": 0.44090254440710513,
            "recall": 0.7413626089764288,
            "f1": 0.5529532181347462,
            "support": 6194,
            "error_rate": 0.2586373910235712
        },
        "positive": {
            "precision": 0.6122150177787073,
            "recall": 0.39693517765120695,
            "f1": 0.4816125051419169,
            "support": 7374,
            "error_rate": 0.6030648223487931
        }
    },
    "macro_metrics": {
        "precision": 0.45311442208454145,
        "recall": 0.3904321306395929,
        "f1": 0.3945629177046964
    },
    "micro_metrics": {
        "precision": 0.5261816496756255,
        "recall": 0.5261816496756255,
        "f1": 0.5261816496756255
    },
    "confusion_matrix": [
        [
            1565,
            1646,
            482,
            3
        ],
        [
            228,
            4592,
            1372,
            2
        ],
        [
            268,
            4177,
            2927,
            2
        ],
        [
            0,
            0,
            0,
            0
        ]
    ]
}