{
    "accuracy": 0.21014828544949027,
    "error_rate": 0.7898517145505097,
    "per_class_metrics": {
        "negative": {
            "precision": 0.33341523341523344,
            "recall": 0.3671536796536797,
            "f1": 0.3494720576873551,
            "support": 3696,
            "error_rate": 0.6328463203463204
        },
        "neutral": {
            "precision": 0.5229226361031518,
            "recall": 0.05892799483371004,
            "f1": 0.10591990713871155,
            "support": 6194,
            "error_rate": 0.94107200516629
        },
        "positive": {
            "precision": 0.5393322014714205,
            "recall": 0.2584757255221047,
            "f1": 0.34946828016134945,
            "support": 7374,
            "error_rate": 0.7415242744778953
        }
    },
    "macro_metrics": {
        "precision": 0.3489175177474514,
        "recall": 0.1711393500023736,
        "f1": 0.20121506124685404
    },
    "micro_metrics": {
        "precision": 0.21014828544949027,
        "recall": 0.21014828544949027,
        "f1": 0.21014828544949027
    },
    "confusion_matrix": [
        [
            1357,
            85,
            244,
            2010
        ],
        [
            1281,
            365,
            1384,
            3164
        ],
        [
            1432,
            248,
            1906,
            3788
        ],
        [
            0,
            0,
            0,
            0
        ]
    ]
}