{
    "accuracy": 0.6814759036144579,
    "error_rate": 0.31852409638554213,
    "per_class_metrics": {
        "negative": {
            "precision": 0.762114537444934,
            "recall": 0.7021103896103896,
            "f1": 0.7308829742289819,
            "support": 3696,
            "error_rate": 0.29788961038961037
        },
        "neutral": {
            "precision": 0.6370522329177845,
            "recall": 0.6517597675169519,
            "f1": 0.6443220812385284,
            "support": 6194,
            "error_rate": 0.3482402324830481
        },
        "positive": {
            "precision": 0.6823982983249136,
            "recall": 0.6960943856794142,
            "f1": 0.6891783029001074,
            "support": 7374,
            "error_rate": 0.3039056143205858
        }
    },
    "macro_metrics": {
        "precision": 0.6938550228958773,
        "recall": 0.6833215142689185,
        "f1": 0.6881277861225392
    },
    "micro_metrics": {
        "precision": 0.6814759036144579,
        "recall": 0.6814759036144579,
        "f1": 0.6814759036144579
    },
    "confusion_matrix": [
        [
            2595,
            483,
            618
        ],
        [
            386,
            4037,
            1771
        ],
        [
            424,
            1817,
            5133
        ]
    ]
}